mission_id,mission_type,start_time,end_time,speed,is_primary
PRIMARY_DRONE_1,delivery,20.383818809716118,38.75897509851812,19.300874456920127,True
SIM_DRONE_1,delivery,7.7048129311761056,26.220242530613113,18.778905399372476,False
SIM_DRONE_2,delivery,38.83156273692341,82.88202165075643,14.149222527104774,False
SIM_DRONE_3,delivery,20.07720379044336,26.974134622085415,15.482925059737221,False
SIM_DRONE_4,delivery,20.074220213518153,52.29486781370024,19.461249787936406,False
SIM_DRONE_5,delivery,13.564931712735042,40.85531373294466,17.937485906713615,False
