mission_id,mission_type,start_time,end_time,speed,is_primary
PRIMARY_DRONE_1,delivery,45.01903722366299,67.9210151013531,13.953051785353358,True
SIM_DRONE_1,delivery,35.70076844166803,77.65749447033268,13.755765407842993,False
SIM_DRONE_2,delivery,45.026954222098375,94.52155804489911,12.769066883854762,False
SIM_DRONE_3,delivery,27.799969528275998,93.55104603919497,10.902823790677527,False
SIM_DRONE_4,delivery,34.378641264151,100.92152700562929,11.311726671155496,False
SIM_DRONE_5,delivery,54.48350693965874,86.41098369262255,17.431564667988905,False
