mission_id,mission_type,start_time,end_time,speed,is_primary
PRIMARY_DRONE_1,delivery,19.598223367957402,74.12274954294043,14.295678181695363,True
SIM_DRONE_1,delivery,38.3023090209691,65.53125851037646,19.40380929573052,False
SIM_DRONE_2,delivery,5.812583255722965,41.16092752488493,14.568425112625325,False
SIM_DRONE_3,delivery,35.3944423613831,58.55303574915064,13.948238614353999,False
SIM_DRONE_4,delivery,16.733015284787143,56.33878388439095,14.034680083017015,False
SIM_DRONE_5,delivery,27.66635416856207,57.800428741015764,16.846098584414552,False
